<ti:app xmlns:ti="http://ti.appcelerator.org">

<id>org.leolabs.stayawake</id>
<name>StayAwake HD</name>
<version>1.0</version>
<publisher>Leo Bernard</publisher>
<url>http://leolabs.org</url>
<icon>default_app_logo.png</icon>
<copyright>2013 by leolabs.org</copyright>

<window>
<id>initial</id>
<title>StayAwake HD</title>
<url>app://index.html</url>
<width>700</width>
<max-width>3000</max-width>
<min-width>0</min-width>
<height>500</height>
<max-height>3000</max-height>
<min-height>0</min-height>
<fullscreen>false</fullscreen>
<resizable>true</resizable>
<chrome scrollbars="true">true</chrome>
<maximizable>true</maximizable>
<minimizable>true</minimizable>
<closeable>true</closeable>
</window>
</ti:app>